ProductKey,Revenue,Orders,Units,StockCode,Description
1639,344069.3,3918,27536,22423,REGENCY CAKESTAND 3 TIER
4301,262768.47000000003,5365,96027,85123A,WHITE HANGING HEART T-LIGHT HOLDER
4273,183136.14,3989,98175,85099B,JUMBO BAG RED RETROSPOT
2799,168469.6,1,80995,23843,"PAPER CRAFT , LITTLE BIRDIE"
3148,149109.35,2674,28362,47566,PARTY BUNTING
3991,131817.81,2807,81590,84879,ASSORTED COLOUR BIRD ORNAMENT
1327,123002.89,2018,36534,22086,PAPER CHAIN KIT 50'S CHRISTMAS
3441,85157.56,1135,16763,79321,CHILLI LIGHTS
2354,81700.92000000001,247,78033,23166,MEDIUM CERAMIC TOP STORAGE JAR
1434,80888.34,2322,89860,22197,SMALL POPCORN HOLDER
1608,77049.38,2245,39809,22386,JUMBO BAG PINK POLKADOT
3594,74380.06999999999,756,32498,84347,ROTATING SILVER ANGELS T-LIGHT HLDR
259,72001.35,3056,40752,20725,LUNCH BAG RED RETROSPOT
560,69295.72,634,19945,21137,BLACK RECORD COVER FRAME
4275,68382.73,1830,37072,85099F,JUMBO BAG STRAWBERRY
228,67812.32,1725,9968,20685,DOORMAT RED RETROSPOT
3198,67629.75,1664,10157,48138,DOORMAT UNION FLAG
2276,66870.03,994,30739,23084,RABBIT NIGHT LIGHT
1149,66348.54999999999,1527,6263,21843,RED RETROSPOT CAKE STAND
1355,63362.350000000006,1583,12420,22114,HOT WATER BOTTLE TEA AND SYMPATHY
3484,62778.72,1176,11046,82484,WOOD BLACK BOARD ANT WHITE FINISH
1224,62257.72,2329,29489,21931,JUMBO STORAGE BAG SUKI
2109,61671.840000000004,1427,19580,22910,PAPER CHAIN KIT VINTAGE CHRISTMAS
1713,61466.47,924,3861,22502,PICNIC BASKET WICKER SMALL
1353,60644.32,1721,11532,22112,CHOCOLATE HOT WATER BOTTLE
950,60549.54,1292,6931,21621,VINTAGE UNION JACK BUNTING
4274,60103.56,1868,31153,85099C,JUMBO  BAG BAROQUE BLACK WHITE
25,58403.79,1033,11366,15056N,EDWARDIAN PARASOL NATURAL
1627,58149.35,2192,27669,22411,JUMBO SHOPPER VINTAGE RED PAISLEY
1683,55772.020000000004,1952,18508,22470,HEART OF WICKER LARGE
1426,54547.380000000005,1299,18350,22189,CREAM HEART CARD HOLDER
401,53335.66,2030,18952,20914,SET/5 RED RETROSPOT LID GLASS BOWLS
1415,53105.59,1816,40572,22178,VICTORIAN GLASS HANGING T-LIGHT
1379,53085.61,2093,10649,22139,RETROSPOT TEA SET CERAMIC 11 PC
616,52948.8,3118,96472,21212,PACK OF 72 RETROSPOT CAKE CASES
952,52082.93,530,7196,21623,VINTAGE UNION JACK MEMOBOARD
1352,51936.86,1689,10163,22111,SCOTTIE DOG HOT WATER BOTTLE
1057,51441.92,1760,17960,21733,RED HANGING HEART T-LIGHT HOLDER
4060,51148.47,1769,37919,84946,ANTIQUE SILVER TEA GLASS ETCHED
1682,51088.159999999996,2151,29013,22469,HEART OF WICKER SMALL
588,50818.920000000006,1810,25028,21181,PLEASE ONE PERSON METAL SIGN
1331,50723.600000000006,1703,16798,22090,PAPER BUNTING RETROSPOT
633,50660.48,2435,38901,21232,STRAWBERRY CERAMIC TRINKET BOX
1222,50300.82,1619,25937,21929,JUMBO BAG PINK VINTAGE PAISLEY
3209,49542.47,1349,7835,48194,DOORMAT HEARTS
1055,49508.34,1537,29696,21731,RED TOADSTOOL LED NIGHT LIGHT
1672,48423.25000000001,2046,15687,22457,NATURAL SLATE HEART CHALKBOARD
24,47828.19,857,9600,15056BL,EDWARDIAN PARASOL BLACK
1075,47774.740000000005,2066,7796,21754,HOME BUILDING BLOCK WORD
3524,47479.83,1145,11757,84029E,RED WOOLLY HOTTIE WHITE HEART.
878,47194.58,1122,7046,21523,DOORMAT FANCY FONT HOME SWEET HOME
3206,47026.85,1282,7395,48187,DOORMAT NEW ENGLAND
1221,47023.18,1542,24743,21928,JUMBO BAG SCANDINAVIAN PAISLEY
1581,46584.99,1742,32635,22355,CHARLOTTE BAG SUKI DESIGN
3247,46519.13,809,15719,71477,COLOUR GLASS. STAR T-LIGHT HOLDER
261,46283.89,2351,27042,20727,LUNCH BAG  BLACK SKULL.
3205,46050.99,983,6855,48185,DOORMAT FAIRY CAKE
1378,45882.01,1914,9366,22138,BAKING SET 9 PIECE RETROSPOT
1552,44943.43,1391,15655,22326,ROUND SNACK BOXES SET OF4 WOODLAND
1210,44680.05,1025,38088,21915,RED  HARMONICA IN BOX
3486,44667.100000000006,1973,15601,82494L,WOODEN FRAME ANTIQUE WHITE
586,44282.23,1659,20856,21175,GIN + TONIC DIET METAL SIGN
3543,43921.51,328,1129,84078A,SET/4 WHITE RETRO STORAGE CUBES
1605,43836.86,2398,25403,22383,LUNCH BAG SUKI  DESIGN
2473,43148.18,1146,8466,23298,SPOTTY BUNTING
262,42695.64,2067,24838,20728,LUNCH BAG CARS BLUE
3482,42396.03,2006,17141,82482,WOODEN PICTURE FRAME WHITE FINISH
2390,42030.340000000004,1231,20485,23203,JUMBO BAG VINTAGE DOILY
249,41332.89,1314,21170,20713,JUMBO BAG OWLS
1324,41256.41,1401,13961,22083,PAPER CHAIN KIT RETROSPOT
1554,40407.96,1159,14602,22328,ROUND SNACK BOXES SET OF 4 FRUITS
4136,40250.98,1085,10746,84997D,PINK 3 PIECE MINI DOTS CUTLERY SET
2158,39639.31,1159,9289,22960,JAM MAKING SET WITH JARS
4243,39173.65,929,3128,85066,CREAM SWEETHEART MINI CHEST
1903,39061.14,1424,13314,22699,ROSES REGENCY TEACUP AND SAUCER
3485,39004.8,1274,4853,82486,WOOD S/3 CABINET ANT WHITE FINISH
260,38883.729999999996,1926,22301,20726,LUNCH BAG WOODLAND
1835,38691.7,1368,21193,22629,SPACEBOY LUNCH BOX
854,38585.35,1385,7872,21485,RETROSPOT HEART HOT WATER BOTTLE
579,38428.21,1425,20063,21166,COOK WITH WINE METAL SIGN
2459,38133.64,728,5487,23284,DOORMAT KEEP CALM AND COME IN
1924,38108.89,1385,7483,22720,SET OF 3 CAKE TINS PANTRY DESIGN
248,37988.94,1415,17936,20712,JUMBO BAG WOODLAND ANIMALS
1930,37857.61,1363,9565,22727,ALARM CLOCK BAKELIKE RED
879,36565.22,1150,5329,21524,DOORMAT SPOTTY HOME SWEET HOME
258,35558.229999999996,2035,32443,20724,RED RETROSPOT CHARLOTTE BAG
1601,35362.76,1570,16053,22379,RECYCLING BAG RETROSPOT
1076,35356.39,1696,5726,21755,LOVE BUILDING BLOCK WORD
4134,34949.56,1019,9378,84997B,RED 3 PIECE MINI DOTS CUTLERY SET
849,34560.68,930,6857,21479,WHITE SKULL HOT WATER BOTTLE
1606,34425.81,2106,20988,22384,LUNCH BAG PINK POLKADOT
1870,34421.200000000004,1657,10928,22666,RECIPE BOX PANTRY YELLOW DESIGN
1604,34317.59,2153,20386,22382,LUNCH BAG SPACEBOY DESIGN
1836,33923.45,1333,18334,22630,DOLLY GIRL LUNCH BOX
1929,33666.34,1273,7935,22726,ALARM CLOCK BAKELIKE GREEN
2065,33394.91,1212,15471,22865,HAND WARMER OWL DESIGN
1425,33197.05,566,12483,22188,BLACK HEART CARD HOLDER
18,33041.55,991,44365,15036,ASSORTED COLOURS SILK FAN
4135,32942.86,951,8852,84997C,BLUE 3 PIECE MINI DOTS CUTLERY SET
1607,32735.2,1248,17220,22385,JUMBO BAG SPACEBOY DESIGN
1828,32144.039999999997,571,3240,22622,BOX OF VINTAGE ALPHABET BLOCKS
1318,32142.039999999997,1751,17526,22077,6 RIBBONS RUSTIC CHARM
4346,31976.56,1460,16603,85152,HAND OVER THE CHOCOLATE   SIGN
3525,31927.13,1009,7307,84029G,KNITTED UNION FLAG HOT WATER BOTTLE
3204,31551.32,851,4770,48184,DOORMAT ENGLISH ROSE
1901,31431.670000000002,1353,10077,22697,GREEN REGENCY TEACUP AND SAUCER
1863,31142.57,1075,16838,22659,LUNCH BOX I LOVE LONDON
2432,31118.550000000003,873,6345,23245,SET OF 3 REGENCY CAKE TINS
4145,31088.230000000003,900,6196,85014B,RED RETROSPOT UMBRELLA
1712,30768.59,762,2637,22501,PICNIC BASKET WICKER LARGE
1955,30736.75,692,3773,22752,SET 7 BABUSHKA NESTING BOXES
222,30649.47,715,6256,20679,EDWARDIAN PARASOL RED
2386,30450.690000000002,978,14908,23199,JUMBO BAG APPLES
621,30393.48,928,2952,21217,RED RETROSPOT ROUND CAKE TINS
2066,30323.640000000003,1083,13723,22866,HAND WARMER SCOTTY DOG DESIGN
1397,30197.280000000002,718,9341,22158,3 HEARTS HANGING DECORATION RUSTIC
3483,30014.440000000002,1123,5072,82483,WOOD 2 DRAWER CABINET WHITE FINISH
3171,29532.93,872,5768,47590B,PINK HAPPY BIRTHDAY BUNTING
2067,29484.320000000003,1054,13426,22867,HAND WARMER BIRD DESIGN
1703,28999.390000000003,732,45593,22492,MINI PAINT SET VINTAGE
429,28966.21,1148,22580,20971,PINK BLUE FELT CRAFT TRINKET BOX
1680,28919.8,1095,12212,22467,GUMBALL COAT RACK
3207,28775.21,698,4889,48188,DOORMAT WELCOME PUPPIES
2530,28718.800000000003,782,5816,23355,HOT WATER BOTTLE KEEP CALM
4109,28629.82,1425,21819,84978,HANGING HEART JAR T-LIGHT HOLDER
2036,28455.98,1011,5524,22835,HOT WATER BOTTLE I AM SO POORLY
1247,28413.63,1993,56625,21977,PACK OF 60 PINK PAISLEY CAKE CASES
3497,28324.61,1176,13008,82583,HOT BATHS METAL SIGN
255,28249.92,1573,24901,20719,WOODLAND CHARLOTTE BAG
2159,28218.239999999998,1200,18069,22961,JAM MAKING SET PRINTED
1830,28010.170000000002,1219,3232,22624,IVORY KITCHEN SCALES
1223,27888.86,1321,13640,21930,JUMBO STORAGE BAG SKULLS
2388,27850.83,906,13366,23201,JUMBO BAG ALPHABET
3298,27820.879999999997,920,20113,72741,GRAND CHOCOLATECANDLE
276,27523.12,909,3772,20750,RED RETROSPOT MINI CASES
4127,27321.370000000003,2127,54537,84991,60 TEATIME FAIRY CAKE CASES
3246,27090.51,1017,33457,71459,HANGING JAM JAR T-LIGHT HOLDER
1937,27039.82,756,9820,22734,SET OF 6 RIBBONS VINTAGE CHRISTMAS
851,26925.18,1050,8537,21481,FAWN BLUE HOT WATER BOTTLE
1388,26783.86,1382,12888,22149,FELTCRAFT 6 FLOWER FRIENDS
1717,26626.56,900,5694,22507,MEMO BOARD RETROSPOT  DESIGN
3195,26483.99,720,4301,48111,DOORMAT 3 SMILEY CATS
1759,26420.749999999996,1299,15740,22551,PLASTERS IN TIN SPACEBOY
247,26183.0,1052,12836,20711,JUMBO BAG TOYS
3502,26168.760000000002,1201,12887,82600,NO SINGING METAL SIGN
510,26013.27,2123,31801,21080,SET/20 RED RETROSPOT PAPER NAPKINS
3149,25954.45,761,5831,47566B,TEA TIME PARTY BUNTING
532,25859.050000000003,613,13087,21108,FAIRY CAKE FLANNEL ASSORTED COLOUR
1328,25507.120000000003,847,8513,22087,PAPER BUNTING WHITE LACE
881,25493.02,831,3414,21527,RED RETROSPOT TRADITIONAL TEAPOT
1325,25453.83,811,8870,22084,PAPER CHAIN KIT EMPIRE
3039,25428.329999999998,522,2465,37503,TEA TIME CAKE STAND IN GIFT BOX
3866,25386.65,1259,40703,84755,COLOUR GLASS T-LIGHT HOLDER HANGING
701,25253.850000000002,1066,11647,21314,SMALL GLASS HEART TRINKET POT
3542,25197.98,1019,109898,84077,WORLD WAR 2 GLIDERS ASSTD DESIGNS
430,25080.59,1397,20704,20972,PINK CREAM FELT CRAFT TRINKET BOX
2361,24879.13,416,2766,23173,REGENCY TEAPOT ROSES
1931,24858.52,969,6361,22728,ALARM CLOCK BAKELIKE PINK
3939,24563.170000000002,1408,20057,84836,ZINC METAL HEART DECORATION
3170,24542.88,689,4826,47590A,BLUE HAPPY BIRTHDAY BUNTING
632,24499.38,1482,19672,21231,SWEETHEART CERAMIC TRINKET BOX
1926,24459.960000000003,835,5972,22722,SET OF 6 SPICE TINS PANTRY DESIGN
1902,24377.57,1033,8194,22698,PINK REGENCY TEACUP AND SAUCER
653,24089.84,526,1687,21258,VICTORIAN SEWING BOX LARGE
1408,24081.66,661,3181,22171,3 HOOK PHOTO SHELF ANTIQUE WHITE
1104,24063.3,1888,27904,21790,VINTAGE SNAP CARDS
1240,23949.35,729,3933,21955,DOORMAT UNION JACK GUNS AND ROSES
1105,23926.98,1313,18532,21791,VINTAGE HEADS AND TAILS CARD GAME
1831,23851.23,950,2719,22625,RED KITCHEN SCALES
3611,23816.65,841,7383,84406B,CREAM CUPID HEARTS COAT HANGER
2519,23772.07,716,10285,23344,JUMBO BAG 50'S CHRISTMAS
1811,23731.02,642,1845,22605,WOODEN CROQUET GARDEN SET
2430,23489.420000000002,470,4800,23243,SET OF TEA COFFEE SUGAR TINS PANTRY
3200,23295.82,500,4099,48173C,DOORMAT BLACK FLOCK
1761,23276.559999999998,1275,13822,22554,PLASTERS IN TIN WOODLAND ANIMALS
1354,23031.27,996,6020,22113,GREY HEART HOT WATER BOTTLE
1813,23030.05,744,2544,22607,WOODEN ROUNDERS GARDEN SET
1792,22847.670000000002,1084,18288,22585,PACK OF 6 BIRDY GIFT TAGS
1229,22818.09,1046,7823,21936,RED RETROSPOT PICNIC BAG
275,22703.16,766,3143,20749,ASSORTED COLOUR MINI CASES
2994,22672.61,477,2415,37449,CERAMIC CAKE STAND + HANGING CAKES
1763,22651.23,1196,13771,22556,PLASTERS IN TIN CIRCUS PARADE
2140,22619.82,483,2707,22941,CHRISTMAS LIGHTS 10 REINDEER
2167,22441.85,709,15075,22969,HOMEMADE JAM SCENTED CANDLES
1838,22334.47,779,11166,22632,HAND WARMER RED RETROSPOT
4097,22057.379999999997,1425,26756,84970S,HANGING HEART ZINC T-LIGHT HOLDER
4144,22024.5,684,4660,85014A,BLACK/BLUE POLKADOT UMBRELLA
614,21948.559999999998,1161,15243,21210,SET OF 72 RETROSPOT PAPER  DOILIES
1710,21898.74,774,3595,22499,WOODEN UNION JACK BUNTING
1671,21859.23,835,4457,22456,NATURAL SLATE CHALKBOARD LARGE
2389,21810.43,879,10941,23202,JUMBO BAG VINTAGE LEAF
4217,21779.2,517,2749,85048,15CM CHRISTMAS GLASS BALL 20 LIGHTS
617,21661.75,1481,40563,21213,PACK OF 72 SKULL CAKE CASES
1777,21542.29,807,5795,22570,FELTCRAFT CUSHION RABBIT
2396,21418.82,1098,13170,23209,LUNCH BAG VINTAGE DOILY
1640,21267.71,739,1557,22424,ENAMEL BREAD BIN CREAM
1582,21243.09,1584,20226,22356,CHARLOTTE BAG PINK POLKADOT
1823,21138.14,942,4384,22617,BAKING SET SPACEBOY DESIGN
622,21079.56,897,5299,21218,RED SPOTTY BISCUIT TIN
1775,21022.75,875,5683,22568,FELTCRAFT CUSHION OWL
1521,20962.02,861,16923,22294,HEART FILIGREE DOVE  SMALL
1776,20872.46,784,5717,22569,FELTCRAFT CUSHION BUTTERFLY
2393,20852.579999999998,1036,12147,23206,LUNCH BAG APPLE DESIGN
3196,20787.72,496,3459,48116,DOORMAT MULTICOLOUR STRIPE
4344,20650.38,1110,8512,85150,LADIES & GENTLEMEN METAL SIGN
257,20640.22,1379,18441,20723,STRAWBERRY CHARLOTTE BAG
912,20612.52,1221,8313,21559,STRAWBERRY LUNCH BOX WITH CUTLERY
1897,20499.08,350,17899,22693,GROW A FLYTRAP OR SUNFLOWER IN TIN
620,20484.03,802,3940,21216,"SET 3 RETROSPOT TEA,COFFEE,SUGAR"
2100,20459.510000000002,723,6349,22900,SET 2 TEA TOWELS I LOVE LONDON
1500,20301.52,810,7398,22273,FELTCRAFT DOLL MOLLY
1765,20136.649999999998,1202,14263,22558,CLOTHES PEGS RETROSPOT PACK 24
951,20080.49,626,3728,21622,VINTAGE UNION JACK CUSHION COVER
1603,19960.07,1100,9442,22381,TOY TIDY PINK POLKADOT
1629,19937.79,881,7037,22413,METAL SIGN TAKE IT OR LEAVE IT
1406,19930.8,701,2323,22169,FAMILY ALBUM WHITE PICTURE FRAME
585,19838.71,1135,9800,21174,POTTERING IN THE SHED METAL SIGN
2151,19775.58,1144,33719,22952,60 CAKE CASES VINTAGE CHRISTMAS
3197,19752.97,543,3145,48129,DOORMAT TOPIARY
1768,19740.539999999997,904,11771,22561,WOODEN SCHOOL COLOURING SET
4133,19693.32,589,5262,84997A,GREEN 3 PIECE MINI DOTS CUTLERY SET
3236,19654.86,727,4976,71053,WHITE METAL LANTERN
1839,19521.13,858,9498,22633,HAND WARMER UNION JACK
1204,19479.510000000002,974,9839,21908,CHOCOLATE THIS WAY METAL SIGN
4063,19479.359999999997,693,12232,84949,SILVER HANGING T-LIGHT HOLDER
1643,19463.56,798,3238,22427,ENAMEL FLOWER JUG CREAM
724,19398.11,419,1772,21340,CLASSIC METAL BIRDCAGE PLANT HOLDER
1282,19371.46,555,7861,22041,"RECORD FRAME 7"" SINGLE SIZE"
1302,19260.67,520,2185,22061,LARGE CAKE STAND  HANGING STRAWBERY
1762,19240.019999999997,967,11882,22555,PLASTERS IN TIN STRONGMAN
4061,19055.54,680,16065,84947,ANTIQUE SILVER TEA GLASS ENGRAVED
481,18951.77,929,6079,21035,SET/2 RED RETROSPOT TEA TOWELS
853,18949.600000000002,864,4764,21484,CHICK GREY HOT WATER BOTTLE
544,18930.58,873,15639,21121,SET/10 RED POLKADOT PARTY CANDLES
2047,18890.09,482,1191,22847,BREAD BIN DINER STYLE IVORY
2037,18742.170000000002,450,4008,22837,HOT WATER BOTTLE BABUSHKA
4059,18596.55,653,22637,84945,MULTI COLOUR SILVER T-LIGHT HOLDER
807,18514.2,814,4741,21430,SET/3 RED GINGHAM ROSE STORAGE BOX
1386,18358.85,1132,13129,22147,FELTCRAFT BUTTERFLY HEARTS
1716,18318.08,744,3818,22505,MEMO BOARD COTTAGE DESIGN
1767,18270.55,742,15192,22560,TRADITIONAL MODELLING CLAY
1209,18194.35,963,13308,21914,BLUE HARMONICA IN BOX
1859,18135.920000000002,597,2682,22654,DELUXE SEWING KIT
1979,18074.68,691,1762,22776,SWEETHEART CAKESTAND 3 TIER
1578,18067.42,1117,7172,22352,LUNCH BOX WITH CUTLERY RETROSPOT
3448,18048.72,349,3004,79323W,WHITE CHERRY LIGHTS
1524,17926.6,969,13871,22297,HEART IVORY TRELLIS SMALL
1764,17797.96,1126,10598,22557,PLASTERS IN TIN VINTAGE PAISLEY
254,17730.0,1213,13481,20718,RED RETROSPOT SHOPPER BAG
3177,17685.22,1140,9513,47591D,PINK FAIRY CAKE CHILDRENS APRON
559,17661.149999999998,739,10606,21136,PAINTED METAL PEARS ASSORTED
1185,17612.57,1123,13212,21889,WOODEN BOX OF DOMINOES
569,17487.36,930,9391,21156,RETROSPOT CHILDRENS APRON
3638,17477.66,83,816,84467,ENGLISH ROSE DESIGN QUILTED THROW
4128,17440.21,1460,35109,84992,72 SWEETHEART FAIRY CAKE CASES
1592,17423.17,568,2561,22366,DOORMAT AIRMAIL
4096,17359.489999999998,1080,17561,84970L,SINGLE HEART ZINC T-LIGHT HOLDER
1857,17237.23,830,10146,22652,TRAVEL SEWING KIT
2806,17027.23,355,3280,35004C,SET OF 3 COLOURED  FLYING DUCKS
2427,17000.170000000002,536,4177,23240,SET OF 4 KNICK KNACK TINS DOILY
889,16842.1,1111,6778,21535,RED RETROSPOT SMALL MILK JUG
887,16814.370000000003,954,3385,21533,RETRO SPOT LARGE MILK JUG
577,16812.300000000003,721,6040,21164,HOME SWEET HOME METAL SIGN
3318,16569.55,494,1714,72760B,VINTAGE CREAM 3 BASKET CAKE STAND
1699,16549.399999999998,898,1645,22487,WHITE WOOD GARDEN PLANT LADDER
2191,16478.48,1073,12649,22993,SET OF 4 PANTRY JELLY MOULDS
568,16475.41,969,6726,21155,RED RETROSPOT PEG BAG
3602,16463.22,796,7889,84375,SET OF 20 KIDS COOKIE CUTTERS
1428,16454.05,620,1995,22191,IVORY DINER WALL CLOCK
1866,16368.31,994,10037,22662,LUNCH BAG DOLLY GIRL DESIGN
2476,16327.349999999999,913,8807,23301,GARDENERS KNEELING PAD KEEP CALM
1430,16296.480000000001,617,1931,22193,RED DINER WALL CLOCK
1523,16260.509999999998,833,9855,22296,HEART IVORY TRELLIS LARGE
1840,16223.5,499,1717,22634,CHILDS BREAKFAST SET SPACEBOY
1825,16212.32,708,4154,22619,SET OF 6 SOLDIER SKITTLES
1962,16176.039999999999,795,9523,22759,SET OF 3 NOTEBOOKS IN PARCEL
1841,16093.99,485,1689,22635,CHILDS BREAKFAST SET DOLLY GIRL
1176,16083.97,755,14154,21877,HOME SWEET HOME MUG
1593,16060.91,1156,8153,22367,CHILDRENS APRON SPACEBOY DESIGN
1896,16024.84,606,2139,22692,DOORMAT WELCOME TO OUR HOME
2139,16009.289999999999,586,3653,22940,FELTCRAFT CHRISTMAS FAIRY
1894,15922.33,437,2540,22690,DOORMAT HOME SWEET HOME BLUE
1559,15865.82,697,10165,22333,RETROSPOT PARTY BAG + STICKER SET
1407,15800.66,575,2406,22170,PICTURE FRAME WOOD TRIPLE PORTRAIT
2488,15798.66,401,2990,23313,VINTAGE CHRISTMAS BUNTING
1410,15768.95,997,5137,22173,METAL 4 HOOK HANGER FRENCH CHATEAU
2108,15760.83,1086,17684,22909,SET OF 20 VINTAGE CHRISTMAS NAPKINS
1952,15729.83,685,3855,22749,FELTCRAFT PRINCESS CHARLOTTE DOLL
522,15723.119999999999,984,20160,21094,SET/6 RED SPOTTY PAPER PLATES
1187,15713.0,835,12249,21891,TRADITIONAL WOODEN SKIPPING ROPE
3603,15567.38,1248,11761,84378,SET OF 3 HEART COOKIE CUTTERS
1933,15534.04,746,3868,22730,ALARM CLOCK BAKELIKE IVORY
1150,15518.320000000002,494,5430,21844,RED RETROSPOT MUG
1591,15503.93,443,2355,22365,DOORMAT RESPECTABLE HOUSE
2145,15451.32,275,990,22946,WOODEN ADVENT CALENDAR CREAM
4461,15436.480000000001,539,3082,85232B,SET/3 RUSSIAN DOLL STACKING TINS
3496,15426.070000000002,796,7620,82582,AREA PATROLLED METAL SIGN
3540,15419.17,715,10514,84050,PINK HEART SHAPE EGG FRYING PAN
578,15351.35,966,9445,21165,BEWARE OF THE CAT METAL SIGN
1245,15330.25,1303,31481,21975,PACK OF 60 DINOSAUR CAKE CASES
545,15280.06,807,12601,21122,SET/10 PINK POLKADOT PARTY CANDLES
2949,15177.83,692,8400,35970,ZINC FOLKART SLEIGH BELLS
1416,14953.75,566,2093,22179,SET 10 LIGHTS NIGHT OWL
115,14948.75,456,71394,17003,BROCADE RING PURSE
1207,14934.74,828,3791,21912,VINTAGE SNAKES & LADDERS
1812,14913.84,374,1071,22606,WOODEN SKITTLES GARDEN SET
1089,14807.300000000001,651,2991,21770,OPEN CLOSED METAL SIGN
1389,14800.449999999999,938,7948,22150,3 STRIPEY MICE FELTCRAFT
1697,14779.84,419,1109,22485,SET OF 2 WOODEN MARKET CRATES
760,14643.480000000001,651,5047,21380,WOODEN HAPPY BIRTHDAY GARLAND
999,14479.91,815,11172,21672,WHITE SPOT RED CERAMIC DRAWER KNOB
654,14456.980000000001,655,2395,21259,VICTORIAN SEWING BOX SMALL
652,14434.18,532,1587,21257,VICTORIAN SEWING BOX MEDIUM
2005,14414.08,670,5377,22804,CANDLEHOLDER PINK HANGING HEART
581,14397.69,772,8924,21169,YOU'RE CONFUSING ME METAL SIGN
1833,14356.68,653,1634,22627,MINT KITCHEN SCALES
3604,14329.03,1114,10533,84380,SET OF 3 BUTTERFLY COOKIE CUTTERS
274,14317.980000000001,183,1604,20748,KENSINGTON COFFEE SET
1660,14229.9,453,10416,22444,GROW YOUR OWN PLANT IN A CAN
1350,14197.68,642,3431,22109,FULL ENGLISH BREAKFAST PLATE
2387,14188.960000000001,595,7067,23200,JUMBO BAG PEARS
526,14174.210000000001,596,9007,21098,CHRISTMAS TOILET ROLL
1498,14156.300000000001,787,4945,22271,FELTCRAFT DOLL ROSIE
1184,14152.84,825,3581,21888,BINGO SET
1467,14109.669999999998,421,1140,22236,CAKE STAND 3 TIER MAGIC GARDEN
1522,14108.199999999999,706,8547,22295,HEART FILIGREE DOVE LARGE
1871,14014.1,848,4990,22667,RECIPE BOX RETROSPOT
2827,13999.1,419,1435,35400,WOODEN BOX ADVENT CALENDAR
2518,13972.710000000001,476,6078,23343,JUMBO BAG VINTAGE CHRISTMAS
996,13971.07,805,10669,21669,BLUE STRIPE CERAMIC DRAWER KNOB
995,13958.039999999999,825,10391,21668,RED STRIPE CERAMIC DRAWER KNOB
1170,13900.51,779,11654,21871,SAVE THE PLANET MUG
1827,13847.06,875,8764,22621,TRADITIONAL KNITTING NANCY
3446,13787.93,265,2281,79323P,PINK CHERRY LIGHTS
893,13769.44,709,2767,21539,RED RETROSPOT BUTTER DISH
1842,13761.73,489,1657,22636,CHILDS BREAKFAST SET CIRCUS PARADE
2046,13750.369999999999,346,855,22846,BREAD BIN DINER STYLE RED
1443,13715.91,480,3185,22207,FRYING PAN UNION FLAG
2269,13695.77,344,10395,23077,DOUGHNUT LIP GLOSS
3141,13691.02,449,5201,47556B,TEA TIME TEA TOWELS
4880,13676.0,267,273,C2,CARRIAGE
770,13590.47,588,10967,21390,FILIGRIS HEART WITH BUTTERFLY
1435,13580.83,646,7793,22198,LARGE POPCORN HOLDER
2038,13519.36,271,936,22838,3 TIER CAKE TIN RED AND CREAM
1000,13497.51,763,10221,21673,WHITE SPOT BLUE CERAMIC DRAWER KNOB
1791,13427.789999999999,589,5271,22584,PACK OF 6 PANNETONE GIFT BOXES
1760,13405.509999999998,1090,8009,22553,PLASTERS IN TIN SKULLS
1228,13353.81,921,7209,21935,SUKI  SHOULDER BAG
1030,13343.349999999999,568,17299,21704,BAG 250g SWIRLY MARBLES
2531,13334.320000000002,476,2359,23356,LOVE HOT WATER BOTTLE
2394,13325.55,740,7830,23207,LUNCH BAG ALPHABET DESIGN
2296,13290.519999999999,372,2219,23108,SET OF 10 LED DOLLY LIGHTS
219,13279.16,966,10620,20676,RED RETROSPOT BOWL
1787,13277.720000000001,495,2338,22580,ADVENT CALENDAR GINGHAM SACK
2503,13269.49,405,2841,23328,SET 6 SCHOOL MILK BOTTLES IN CRATE
20,13210.85,250,4964,15044A,PINK PAPER PARASOL
3381,13156.31,344,13969,75049L,LARGE CIRCULAR MIRROR MOBILE
1852,13151.21,880,9253,22646,CERAMIC STRAWBERRY CAKE MONEY BANK
1202,13143.550000000001,424,1813,21906,PHARMACIE FIRST AID TIN
1860,13140.0,53,77,22655,VINTAGE RED KITCHEN CABINET
1677,13129.579999999998,784,7922,22464,HANGING METAL HEART LANTERN
2146,13111.85,209,1026,22947,WOODEN ADVENT CALENDAR RED
1329,13103.44,619,4407,22088,PAPER BUNTING COLOURED LACE
1969,13094.44,640,4436,22766,PHOTO FRAME CORNICE
4121,13059.199999999999,1019,8393,84988,SET OF 72 PINK HEART PAPER DOILIES
1383,12994.69,704,5368,22144,CHRISTMAS CRAFT LITTLE FRIENDS
2035,12879.75,597,7641,22834,HAND WARMER BABUSHKA DESIGN
2142,12783.82,356,2601,22943,CHRISTMAS LIGHTS 10 VINTAGE BAUBLES
1822,12747.23,825,40106,22616,PACK OF 12 LONDON TISSUES
1529,12701.63,540,5439,22303,COFFEE MUG APPLES DESIGN
1829,12665.58,541,2353,22623,BOX OF VINTAGE JIGSAW BLOCKS
1323,12504.77,957,7427,22082,RIBBON REEL STRIPES DESIGN
26,12479.470000000001,344,2526,15056P,EDWARDIAN PARASOL PINK
3221,12456.7,127,9570,62018,SOMBRERO
998,12426.88,727,9552,21671,RED SPOT CERAMIC DRAWER KNOB
1527,12399.66,643,5104,22301,COFFEE MUG CAT + BIRD DESIGN
1837,12368.01,663,6327,22631,CIRCUS PARADE LUNCH BOX
2362,12342.43,322,3055,23174,REGENCY SUGAR BOWL GREEN
427,12300.1,613,3290,20969,RED FLORAL FELTCRAFT SHOULDER BAG
1429,12274.76,543,1444,22192,BLUE DINER WALL CLOCK
433,12255.730000000001,902,18668,20975,12 PENCILS SMALL TUBE RED RETROSPOT
1932,12253.88,612,3093,22729,ALARM CLOCK BAKELIKE ORANGE
547,12242.800000000001,629,10084,21124,SET/10 BLUE SPOTTY PARTY CANDLES
4212,12234.56,292,2685,85042,ANTIQUE LILY FAIRY LIGHTS
1993,12211.710000000001,434,9846,22791,T-LIGHT GLASS FLUTED ANTIQUE
997,12183.789999999999,767,8918,21670,BLUE SPOT CERAMIC DRAWER KNOB
567,12100.22,903,8396,21154,RED RETROSPOT OVEN GLOVE
1230,12091.96,657,4114,21937,STRAWBERRY   PICNIC BAG
1953,12035.22,647,3214,22750,FELTCRAFT PRINCESS LOLA DOLL
1101,11986.36,469,15184,21787,RAIN PONCHO RETROSPOT
638,11979.4,657,7120,21242,RED RETROSPOT PLATE
805,11975.93,465,2935,21428,SET3 BOOK BOX GREEN GINGHAM FLOWER
3555,11962.14,277,24795,84212,"ASSORTED FLOWER COLOUR ""LEIS"""
2166,11952.26,306,1194,22968,ROSE COTTAGE KEEPSAKE BOX
1470,11949.409999999998,388,7731,22243,5 HOOK HANGER RED MAGIC TOADSTOOL
4120,11890.9,812,8150,84987,SET OF 36 TEATIME PAPER DOILIES
711,11886.68,643,18224,21326,AGED GLASS SILVER T-LIGHT HOLDER
1843,11882.33,598,4611,22637,PIGGY BANK RETROSPOT
1700,11874.22,808,6951,22488,NATURAL SLATE RECTANGLE CHALKBOARD
1681,11846.630000000001,413,1777,22468,BABUSHKA LIGHTS STRING OF 10
3151,11814.990000000002,348,2187,47567B,TEA TIME KITCHEN APRON
2044,11788.72,498,1247,22844,VINTAGE CREAM DOG FOOD CONTAINER
2475,11785.99,758,6809,23300,GARDENERS KNEELING PAD CUP OF TEA
655,11775.68,534,3577,21260,FIRST AID TIN
1718,11750.29,697,2923,22508,DOORSTOP RETROSPOT HEART
806,11743.529999999999,997,6568,21429,RED GINGHAM ROSE JEWELLERY BOX
1854,11698.12,486,2325,22649,STRAWBERRY FAIRY CAKE TEAPOT
1996,11697.31,498,1661,22795,SWEETHEART RECIPE BOOK STAND
1390,11692.69,716,27749,22151,PLACE SETTING WHITE HEART
2186,11673.720000000001,446,9684,22988,SOLDIERS EGG CUP
1943,11670.689999999999,300,13628,22740,POLKADOT PEN
2740,11581.83,338,5020,23581,JUMBO BAG PAISLEY PARK
2974,11549.06,492,7478,37370,RETRO COFFEE MUGS ASSORTED
1898,11532.0,858,5115,22694,WICKER STAR
1867,11527.83,688,5791,22663,JUMBO BAG DOLLY GIRL DESIGN
1059,11503.15,262,887,21735,TWO DOOR CURIO CABINET
1971,11464.16,354,1195,22768,FAMILY PHOTO FRAME CORNICE
583,11461.769999999999,971,7738,21172,PARTY METAL SIGN
2149,11452.64,352,8333,22950,36 DOILIES VINTAGE CHRISTMAS
1167,11383.72,881,9235,21868,POTTING SHED TEA MUG
3192,11342.28,369,6043,47599A,PINK PARTY BAGS
1826,11325.05,841,8347,22620,4 TRADITIONAL SPINNING TOPS
1215,11273.970000000001,388,1449,21922,UNION STRIPE WITH FRINGE  HAMMOCK
3279,11260.54,499,5816,72351B,SET/6 PINK  BUTTERFLY T-LIGHTS
1633,11250.09,1103,21625,22417,PACK OF 60 SPACEBOY CAKE CASES
1370,11244.119999999999,424,9918,22130,PARTY CONE CHRISTMAS DECORATION
1142,11208.35,444,6557,21833,CAMOUFLAGE LED TORCH
2013,11165.679999999998,462,5049,22812,PACK 3 BOXES CHRISTMAS PANNETONE
2358,11097.249999999998,445,6857,23170,REGENCY TEA PLATE ROSES
337,11062.76,607,4468,20828,GLITTER BUTTERFLY CLIPS
1203,11022.230000000001,771,5242,21907,I'M ON HOLIDAY METAL SIGN
865,10999.92,802,27126,21498,RED RETROSPOT WRAP
1072,10997.820000000002,286,5661,21749,LARGE RED RETROSPOT WINDMILL
1411,10993.4,557,5423,22174,PHOTO CUBE
1801,10964.099999999999,796,13008,22595,GINGHAM HEART DECORATION
2103,10955.84,463,3516,22904,CALENDAR PAPER CUT DESIGN
911,10945.17,768,4244,21558,SKULL LUNCH BOX WITH CUTLERY
515,10939.75,843,16887,21086,SET/6 RED SPOTTY PAPER CUPS
1872,10933.51,579,3593,22668,PINK BABY BUNTING
1501,10926.5,656,3818,22274,FELTCRAFT DOLL EMILY
1679,10806.519999999999,394,5876,22466,FAIRY TALE COTTAGE NIGHTLIGHT
1634,10790.32,586,12730,22418,10 COLOUR SPACEBOY PEN
1305,10737.109999999999,693,6678,22064,PINK DOUGHNUT TRINKET POT
953,10712.55,403,1783,21624,VINTAGE UNION JACK DOORSTOP
1574,10708.33,961,12566,22348,TEA BAG PLATE RED RETROSPOT
1244,10656.3,808,7059,21974,SET OF 36 PAISLEY FLOWER DOILIES
3470,10646.87,230,2956,82001S,VINYL RECORD FRAME SILVER
1186,10625.75,547,3538,21890,S/6 WOODEN SKITTLES IN COTTON BAG
1575,10608.039999999999,366,2585,22349,DOG BOWL CHASING BALL DESIGN
280,10604.550000000001,852,5157,20754,RETROSPOT RED WASHING UP GLOVES
1928,10593.95,549,2580,22725,ALARM CLOCK BAKELIKE CHOCOLATE
1851,10525.49,741,5826,22645,CERAMIC HEART FAIRY CAKE MONEY BANK
1250,10495.89,718,32371,21982,PACK OF 12 SUKI TISSUES
1528,10492.449999999999,396,4926,22302,COFFEE MUG PEARS  DESIGN
2164,10480.130000000001,732,8486,22966,GINGERBREAD MAN COOKIE CUTTER
2395,10441.91,668,6308,23208,LUNCH BAG VINTAGE LEAF DESIGN
1361,10404.22,367,1026,22120,WELCOME  WOODEN BLOCK LETTERS
1417,10403.21,410,1004,22180,RETROSPOT LAMP
1951,10396.69,742,4245,22748,POPPY'S PLAYHOUSE KITCHEN
225,10388.78,589,3123,20682,RED RETROSPOT CHILDRENS UMBRELLA
1974,10382.19,512,7666,22771,CLEAR DRAWER KNOB ACRYLIC EDWARDIAN
2190,10373.99,348,5233,22992,REVOLVER WOODEN RULER
1188,10346.57,818,7953,21892,TRADITIONAL WOODEN CATCH CUP GAME
437,10343.06,709,8213,20979,36 PENCILS TUBE RED RETROSPOT
1330,10329.91,552,3514,22089,PAPER BUNTING VINTAGE PAISLEY
885,10318.869999999999,776,4134,21531,RED RETROSPOT SUGAR JAM BOWL
3992,10275.26,375,1802,84880,WHITE WIRE EGG HOLDER
1602,10274.42,688,4985,22380,TOY TIDY SPACEBOY
856,10266.230000000001,359,2443,21488,RED WHITE SCARF  HOT WATER BOTTLE
2040,10263.300000000001,402,1348,22840,ROUND CAKE TIN VINTAGE RED
3885,10259.050000000001,519,2325,84792,ENCHANTED BIRD COATHANGER 5 HOOK
479,10240.04,573,4623,21033,JUMBO BAG CHARLIE AND LOLA TOYS
1077,10222.16,581,1655,21756,BATH BUILDING BLOCK WORD
1097,10215.42,363,661,21781,MA CAMPAGNE CUTLERY BOX
2741,10206.41,259,4802,23582,VINTAGE DOILY JUMBO BAG RED
2168,10140.6,317,4334,22970,LONDON BUS COFFEE MUG
1526,10095.199999999999,526,4191,22300,COFFEE MUG DOG + BALL DESIGN
1645,10056.39,625,2325,22429,ENAMEL MEASURING JUG CREAM
1553,10054.49,646,3095,22327,ROUND SNACK BOXES SET OF 4 SKULLS
2359,10051.99,381,6247,23171,REGENCY TEA PLATE GREEN
1371,10045.14,692,5304,22131,FOOD CONTAINER SET 3 LOVE HEART
1948,9993.66,703,4073,22745,POPPY'S PLAYHOUSE BEDROOM
1757,9968.06,711,6680,22549,PICTURE DOMINOES
220,9936.140000000001,760,7888,20677,PINK POLKADOT BOWL
2268,9935.76,277,8076,23076,ICE CREAM SUNDAE LIP GLOSS
3395,9909.52,436,12174,79000,MOROCCAN TEA GLASS
2141,9899.68,246,1271,22942,CHRISTMAS LIGHTS 10 SANTAS
338,9875.44,481,4842,20829,GLITTER HANGING BUTTERFLY STRING
1869,9843.730000000001,703,3022,22665,RECIPE BOX BLUE SKETCHBOOK DESIGN
40,9839.4,93,30370,16014,SMALL CHINESE STYLE SCISSOR
1970,9667.76,295,1022,22767,TRIPLE PHOTO FRAME CORNICE
3156,9664.87,224,977,47570B,TEA TIME TABLE CLOTH
3490,9645.67,794,7036,82552,WASHROOM METAL SIGN
2940,9632.63,637,11521,35961,FOLKART ZINC HEART CHRISTMAS DEC
428,9617.0,574,2543,20970,PINK FLORAL FELTCRAFT SHOULDER BAG
2363,9587.15,329,3160,23175,REGENCY MILK JUG PINK
3529,9566.01,485,2238,84030E,ENGLISH ROSE HOT WATER BOTTLE
2176,9564.98,238,2464,22978,PANTRY ROLLING PIN
3825,9514.94,1122,19430,84692,BOX OF 24 COCKTAIL PARASOLS
1041,9490.94,496,3734,21716,BOYS VINTAGE TIN SEASIDE BUCKET
